{
  "global": {
    "color": {
      "primary": {
        "0": {
          "value": "#000000",
          "type": "color"
        },
        "10": {
          "value": "#21005D",
          "type": "color"
        },
        "20": {
          "value": "#381E72",
          "type": "color"
        },
        "40": {
          "value": "#6750A4",
          "type": "color"
        },
        "60": {
          "value": "#9A82DB",
          "type": "color"
        },
        "80": {
          "value": "#1E65B5",
          "type": "color"
        },
        "90": {
          "value": "#EADDFF",
          "type": "color"
        },
        "100": {
          "value": "#FFFFFF",
          "type": "color"
        }
      },
      "secondary": {
        "10": {
          "value": "#1D192B",
          "type": "color"
        },
        "20": {
          "value": "#332D41",
          "type": "color"
        },
        "40": {
          "value": "#625B71",
          "type": "color"
        },
        "60": {
          "value": "#938F99",
          "type": "color"
        },
        "80": {
          "value": "#CCC2DC",
          "type": "color"
        },
        "90": {
          "value": "#E8DEF8",
          "type": "color"
        }
      },
      "tertiary": {
        "10": {
          "value": "#31111D",
          "type": "color"
        },
        "20": {
          "value": "#492532",
          "type": "color"
        },
        "40": {
          "value": "#7D5260",
          "type": "color"
        },
        "60": {
          "value": "#AA8896",
          "type": "color"
        },
        "80": {
          "value": "#EFB8C8",
          "type": "color"
        },
        "90": {
          "value": "#FFD8E4",
          "type": "color"
        }
      },
      "neutral": {
        "4": {
          "value": "#0F0E12",
          "type": "color"
        },
        "6": {
          "value": "#141218",
          "type": "color"
        },
        "10": {
          "value": "#1D1B20",
          "type": "color"
        },
        "20": {
          "value": "#322F35",
          "type": "color"
        },
        "40": {
          "value": "#625B61",
          "type": "color"
        },
        "60": {
          "value": "#938F96",
          "type": "color"
        },
        "80": {
          "value": "#CAC4D0",
          "type": "color"
        },
        "90": {
          "value": "#E6E0E9",
          "type": "color"
        },
        "95": {
          "value": "#F4EFF4",
          "type": "color"
        },
        "99": {
          "value": "#FFFBFE",
          "type": "color"
        }
      },
      "error": {
        "10": {
          "value": "#410E0B",
          "type": "color"
        },
        "20": {
          "value": "#601410",
          "type": "color"
        },
        "40": {
          "value": "#B3261E",
          "type": "color"
        },
        "60": {
          "value": "#E46962",
          "type": "color"
        },
        "80": {
          "value": "#F2B8B5",
          "type": "color"
        },
        "90": {
          "value": "#F9DEDC",
          "type": "color"
        }
      }
    },
    "elevation": {
      "level0": {
        "value": "none",
        "type": "boxShadow"
      },
      "level1": {
        "value": "0px 1px 2px rgba(0,0,0,0.12)",
        "type": "boxShadow"
      },
      "level2": {
        "value": "0px 2px 6px rgba(0,0,0,0.14)",
        "type": "boxShadow"
      },
      "level3": {
        "value": "0px 6px 12px rgba(0,0,0,0.16)",
        "type": "boxShadow"
      }
    },
    "radius": {
      "xs": {
        "value": "4",
        "type": "borderRadius"
      },
      "sm": {
        "value": "8",
        "type": "borderRadius"
      },
      "md": {
        "value": "12",
        "type": "borderRadius"
      },
      "lg": {
        "value": "16",
        "type": "borderRadius"
      }
    },
    "spacing": {
      "1": {
        "value": "4",
        "type": "spacing"
      },
      "2": {
        "value": "8",
        "type": "spacing"
      },
      "3": {
        "value": "12",
        "type": "spacing"
      },
      "4": {
        "value": "16",
        "type": "spacing"
      },
      "6": {
        "value": "24",
        "type": "spacing"
      },
      "8": {
        "value": "32",
        "type": "spacing"
      }
    },
    "typography": {
      "displayLarge": {
        "fontFamily": {
          "value": "Inter, 'Noto Sans KR', system-ui, sans-serif",
          "type": "fontFamilies"
        },
        "fontWeight": {
          "value": 400,
          "type": "fontWeights"
        },
        "fontSize": {
          "value": "57px",
          "type": "fontSizes"
        },
        "lineHeight": {
          "value": "64px",
          "type": "lineHeights"
        },
        "letterSpacing": {
          "value": "-0.25px",
          "type": "letterSpacing"
        }
      },
      "headlineLarge": {
        "fontFamily": {
          "value": "Inter, 'Noto Sans KR', system-ui, sans-serif",
          "type": "fontFamilies"
        },
        "fontWeight": {
          "value": 400,
          "type": "fontWeights"
        },
        "fontSize": {
          "value": "32px",
          "type": "fontSizes"
        },
        "lineHeight": {
          "value": "40px",
          "type": "lineHeights"
        }
      },
      "titleLarge": {
        "fontFamily": {
          "value": "Inter, 'Noto Sans KR', system-ui, sans-serif",
          "type": "fontFamilies"
        },
        "fontWeight": {
          "value": 600,
          "type": "fontWeights"
        },
        "fontSize": {
          "value": "22px",
          "type": "fontSizes"
        },
        "lineHeight": {
          "value": "28px",
          "type": "lineHeights"
        }
      },
      "bodyLarge": {
        "fontFamily": {
          "value": "Inter, 'Noto Sans KR', system-ui, sans-serif",
          "type": "fontFamilies"
        },
        "fontWeight": {
          "value": 400,
          "type": "fontWeights"
        },
        "fontSize": {
          "value": "16px",
          "type": "fontSizes"
        },
        "lineHeight": {
          "value": "24px",
          "type": "lineHeights"
        }
      },
      "labelLarge": {
        "fontFamily": {
          "value": "Inter, 'Noto Sans KR', system-ui, sans-serif",
          "type": "fontFamilies"
        },
        "fontWeight": {
          "value": 600,
          "type": "fontWeights"
        },
        "fontSize": {
          "value": "14px",
          "type": "fontSizes"
        },
        "lineHeight": {
          "value": "20px",
          "type": "lineHeights"
        }
      }
    }
  },
  "component": {
    "button": {
      "height": {
        "value": "40",
        "type": "dimension"
      },
      "radius": {
        "value": "{global.radius.md}",
        "type": "borderRadius"
      },
      "paddingX": {
        "value": "{global.spacing.3}",
        "type": "spacing"
      }
    },
    "input": {
      "height": {
        "value": "44",
        "type": "dimension"
      },
      "radius": {
        "value": "{global.radius.md}",
        "type": "borderRadius"
      },
      "paddingX": {
        "value": "{global.spacing.3}",
        "type": "spacing"
      }
    },
    "card": {
      "radius": {
        "value": "{global.radius.lg}",
        "type": "borderRadius"
      },
      "elevation": {
        "value": "{global.elevation.level1}",
        "type": "boxShadow"
      },
      "padding": {
        "value": "{global.spacing.6}",
        "type": "spacing"
      }
    }
  },
  "light": {
    "semantic": {
      "bgCanvas": {
        "value": "{global.color.neutral.99}",
        "type": "color"
      },
      "bgSurface": {
        "value": "#FFFFFF",
        "type": "color"
      },
      "textPrimary": {
        "value": "{global.color.neutral.10}",
        "type": "color"
      },
      "textSecondary": {
        "value": "{global.color.neutral.40}",
        "type": "color"
      },
      "divider": {
        "value": "rgba(0,0,0,0.12)",
        "type": "color"
      },
      "primaryMain": {
        "value": "{global.color.primary.40}",
        "type": "color"
      },
      "primaryContainer": {
        "value": "{global.color.primary.90}",
        "type": "color"
      },
      "onPrimary": {
        "value": "{global.color.primary.100}",
        "type": "color"
      },
      "secondaryMain": {
        "value": "{global.color.secondary.40}",
        "type": "color"
      },
      "tertiaryMain": {
        "value": "{global.color.tertiary.40}",
        "type": "color"
      },
      "errorMain": {
        "value": "{global.color.error.40}",
        "type": "color"
      },
      "successMain": {
        "value": "#1B873F",
        "type": "color"
      },
      "warningMain": {
        "value": "#946200",
        "type": "color"
      },
      "gridHeaderBg": {
         "value": "{global.color.primary.90}",
         "type": "color" 
       },
       "gridHeaderText": {
          "value": "{global.color.primary.10}",
          "type": "color" 
       }
      
    }
  },
  "dark": {
    "semantic": {
      "bgCanvas": {
        "value": "{global.color.neutral.99}",
        "type": "color"
      },
      "bgSurface": {
        "value": "{global.color.neutral.10}",
        "type": "color"
      },
      "textPrimary": {
        "value": "{global.color.neutral.90}",
        "type": "color"
      },
      "textSecondary": {
        "value": "{global.color.neutral.60}",
        "type": "color"
      },
      "divider": {
        "value": "rgba(255,255,255,0.12)",
        "type": "color"
      },
      "primaryMain": {
        "value": "{global.color.primary.80}",
        "type": "color"
      },
      "primaryContainer": {
        "value": "{global.color.primary.20}",
        "type": "color"
      },
      "onPrimary": {
        "value": "{global.color.primary.20}",
        "type": "color"
      },
      "secondaryMain": {
        "value": "{global.color.secondary.80}",
        "type": "color"
      },
      "tertiaryMain": {
        "value": "{global.color.tertiary.80}",
        "type": "color"
      },
      "errorMain": {
        "value": "{global.color.error.80}",
        "type": "color"
      },
      "successMain": {
        "value": "#4CD27A",
        "type": "color"
      },
      "warningMain": {
        "value": "#FFC766",
        "type": "color"
      },
      "gridHeaderBg": {
         "value": "{global.color.primary.20}",
         "type": "color" 
       },
       "gridHeaderText": {
          "value": "{global.color.primary.100}",
          "type": "color" 
       }
    }
  },
  "$themes": [
    {
      "id": "theme-light",
      "name": "Light",
      "selectedTokenSets": {
        "global": "source",
        "component": "enabled",
        "light": "enabled"
      }
    },
    {
      "id": "theme-dark",
      "name": "Dark",
      "selectedTokenSets": {
        "global": "source",
        "component": "enabled",
        "dark": "enabled"
      }
    }
  ],
  "$metadata": {
    "tokenSetOrder": [
      "global",
      "component",
      "light",
      "dark"
    ]
  }
}